"title, company, loaction, link"
[개발]Python 백엔드 개발자(정규직),위메프,대한민국,https://kr.indeed.com/viewjob?jk=a4946f6098077a45
Korea Structuring Junior,Credit Suisse,대한민국,https://kr.indeed.com/viewjob?jk=bd2ac72a81296d15
Data Scientist,"Koniag, Inc.",대한민국,https://kr.indeed.com/viewjob?jk=193bfe67eed05c31
"Design Consultant, Staff",Synopsys,대한민국,https://kr.indeed.com/viewjob?jk=65c4c2209aa2d9f2
데이터 엔지니어,네오위즈,대한민국,https://kr.indeed.com/viewjob?jk=f3fdca21123cbf1a
"자동화사업부 소프트웨어팀(open,C++,Python,영상, 비젼)충원함",엠코프,서울특별시,https://kr.indeed.com/viewjob?jk=152d5de499417839
Systems Engineer,Hewlett Packard Enterprise,대전,https://kr.indeed.com/viewjob?jk=6ed2963730d3c340
Software Engineer Intern,Intel,서울,https://kr.indeed.com/viewjob?jk=153b61bfd2b5f9d1
Process & Data Scientist,Applied Materials Inc.,대한민국,https://kr.indeed.com/viewjob?jk=e56ad55002666f4c
데이터 엔지니어,리디,서울특별시,https://kr.indeed.com/viewjob?jk=1937ebb0ea172f08
보훈대상자 인재 채용,네오위즈,대한민국,https://kr.indeed.com/viewjob?jk=dfcb86f156623e5c
KDI 직원,한국개발연구원,세종특별자치시,https://kr.indeed.com/viewjob?jk=9765374366b2c496
DBA 엔지니어,쏘카,대한민국,https://kr.indeed.com/viewjob?jk=609e248684d02ecf
Plant IT Solutions Engineer,Process Systems Enterprise Limited,서울,https://kr.indeed.com/viewjob?jk=5a9d6ebeb3d697ea
"빅데이터, 인공지능(AI) 외 신입/경력 정규직",thecompany,경상남도,https://kr.indeed.com/viewjob?jk=2b7bc67cebf49cc0
2020년도 육아휴직 대체인력,중소기업연구원,서울특별시,https://kr.indeed.com/viewjob?jk=d8aae6b201fadfb5
"Counter Intelligence and HUMINT Operations Analyst, Mid",Booz Allen Hamilton,경기도 평택,https://kr.indeed.com/viewjob?jk=c3d7487ed86d9cbe
Software Engineer,Google,서울,https://kr.indeed.com/viewjob?jk=d2df92c32bd4a203
Developer / Designer recruit,마이뮤직테이스트,서울 논현동,https://kr.indeed.com/viewjob?jk=55a19c92c845685e
Data Scientist,Boston Consulting Group,서울,https://kr.indeed.com/viewjob?jk=ce6747e77c861c46
[해외취업] AI 엔지니어,株式会社ASCOM,대한민국,https://kr.indeed.com/viewjob?jk=cdc69e78bbccefd3
퀀트운용팀 (사원-대리급),신한비엔피파리바자산운용,대한민국,https://kr.indeed.com/viewjob?jk=9040dba1c8db2a5d
[해외취업] AI/BI 엔지니어,유아솔류션즈,대한민국,https://kr.indeed.com/viewjob?jk=6aac06e7339b28a5
Staff AE,Synopsys,서울,https://kr.indeed.com/viewjob?jk=c388192aa3ac0634
백엔드 개발자,스포카,대한민국,https://kr.indeed.com/viewjob?jk=bd8e5afa35b65cbc
2020년도 국비기술교육생,대한상공회의소 광주인력개발원,광주 광산구,https://kr.indeed.com/viewjob?jk=09682af104f3eaac
"[해외취업] 베리텍, 시스템개발자/응용프로그래머",에임하이글로벌,대한민국,https://kr.indeed.com/viewjob?jk=3e2ccf374eae0c90
"[해외취업] 누리누비, 시스템개발자/응용프로그래머",에임하이글로벌,대한민국,https://kr.indeed.com/viewjob?jk=b8484108a7f4884f
풀스텍 개발자,thecompany,경상남도,https://kr.indeed.com/viewjob?jk=324c4d2fbbec4bd7
Quant 트레이딩 부문,벨에포크자산운용,대한민국,https://kr.indeed.com/viewjob?jk=695d21f6aec731c6
"MVP 개발 엔지니어(서버, 웹프론트) (정규직, 계약직, 프리랜서)",더테스터,대전 중구,https://kr.indeed.com/viewjob?jk=1748baa27965fdbf
전략솔루션 본부 인턴,현대자산운용,대한민국,https://kr.indeed.com/viewjob?jk=e795dbc603d84601
Healthcare Real World Data Analyst 담당자,IQVIA,서울,https://kr.indeed.com/viewjob?jk=a746de9c7a6168ef
Marketing Data Engineer,네오위즈,대한민국,https://kr.indeed.com/viewjob?jk=b256cfb65d011cf3
프론트엔드 개발자,스포카,대한민국,https://kr.indeed.com/viewjob?jk=b25ed61fb84a5785
"Analog Design Engr, Sr I",Synopsys,경기도 성남,https://kr.indeed.com/viewjob?jk=2bf26529770cdc22
(대기업) IT담당 (근무지:울산),화인크루,울산,https://kr.indeed.com/viewjob?jk=8aa063245ae90efc
Research Engineer - Machine Learning,AITRICS,서울,https://kr.indeed.com/viewjob?jk=05ce3c7d5c6c368c
2020 Market Data Analyst - Seoul (Korean Speaker),Bloomberg,서울,https://kr.indeed.com/viewjob?jk=212ca67d161b7162
Infra사업본부 Bigdata 프로젝트 개발자 件,SK 네트웍스서비스,경기도,https://kr.indeed.com/viewjob?jk=2cff377c899798fc
[피파온라인4] 테크니컬 아티스트,Electronic Arts,서울,https://kr.indeed.com/viewjob?jk=0bce5c7e8c1e521d
Support Engineer,Microsoft,서울,https://kr.indeed.com/viewjob?jk=0bbf23c0930be392
(주)웨이브웨어 2020 년도 신입사원 (개발자),웨이브웨어,대전 유성구,https://kr.indeed.com/viewjob?jk=1261d7964780dcb4
빅데이터 플랫폼 상품 개발 포털 대기업,포털 대기업,경기도,https://kr.indeed.com/viewjob?jk=dc68562127ae9908
Deep Learning R&D Engineer,Intel,서울,https://kr.indeed.com/viewjob?jk=58613b11ebe8779c
mmWave HW Design Engineer,Apple,서울,https://kr.indeed.com/viewjob?jk=abfc94fd3a20ea51
신입/경력사원,앰코테크놀로지코리아,인천 연수구,https://kr.indeed.com/viewjob?jk=afe1e98ba9e200b6
카이와 함게 성장할 개발자 찾습니다.,카이,대전 유성구,https://kr.indeed.com/viewjob?jk=ac1440dc6fdc0c31
AI/빅데이터/클라우드 분야 (인재 Pool),LG유플러스,서울,https://kr.indeed.com/viewjob?jk=fb617eeb80ea6fa9
백엔드 엔지니어 (e-커머스),리디,서울특별시,https://kr.indeed.com/viewjob?jk=fb3aedda32d2843b
Plant IT Solutions Engineer,Process Systems Enterprise Limited,서울,https://kr.indeed.com/viewjob?jk=5a9d6ebeb3d697ea
"빅데이터, 인공지능(AI) 외 신입/경력 정규직",thecompany,경상남도,https://kr.indeed.com/viewjob?jk=2b7bc67cebf49cc0
2020년도 육아휴직 대체인력,중소기업연구원,서울특별시,https://kr.indeed.com/viewjob?jk=d8aae6b201fadfb5
"Counter Intelligence and HUMINT Operations Analyst, Mid",Booz Allen Hamilton,경기도 평택,https://kr.indeed.com/viewjob?jk=c3d7487ed86d9cbe
Software Engineer,Google,서울,https://kr.indeed.com/viewjob?jk=d2df92c32bd4a203
Developer / Designer recruit,마이뮤직테이스트,서울 논현동,https://kr.indeed.com/viewjob?jk=55a19c92c845685e
Data Scientist,Boston Consulting Group,서울,https://kr.indeed.com/viewjob?jk=ce6747e77c861c46
[해외취업] AI 엔지니어,株式会社ASCOM,대한민국,https://kr.indeed.com/viewjob?jk=cdc69e78bbccefd3
퀀트운용팀 (사원-대리급),신한비엔피파리바자산운용,대한민국,https://kr.indeed.com/viewjob?jk=9040dba1c8db2a5d
[해외취업] AI/BI 엔지니어,유아솔류션즈,대한민국,https://kr.indeed.com/viewjob?jk=6aac06e7339b28a5
Staff AE,Synopsys,서울,https://kr.indeed.com/viewjob?jk=c388192aa3ac0634
백엔드 개발자,스포카,대한민국,https://kr.indeed.com/viewjob?jk=bd8e5afa35b65cbc
2020년도 국비기술교육생,대한상공회의소 광주인력개발원,광주 광산구,https://kr.indeed.com/viewjob?jk=09682af104f3eaac
"[해외취업] 베리텍, 시스템개발자/응용프로그래머",에임하이글로벌,대한민국,https://kr.indeed.com/viewjob?jk=3e2ccf374eae0c90
"[해외취업] 누리누비, 시스템개발자/응용프로그래머",에임하이글로벌,대한민국,https://kr.indeed.com/viewjob?jk=b8484108a7f4884f
